[Data],,,,,,,,,,,,,,,,,,,,,
Lane,Sample_ID,Sample_Name,GenomeFolder,Index,default_tag_sequence,default_tagtwo_sequence,email_addresses,email_addresses_of_followers,email_addresses_of_managers,email_addresses_of_owners,is_control,is_pool,lane_id,sample_id,sample_name,sample_public_name,spiked_phix_tag_index,study_alignments_in_bam,study_id,study_name,tag_index
1,18439946,SAMEA4085297,,ATCACGTT,ATCACGTT,,user1@sanger.ac.uk user2@sanger.ac.uk user3@sanger.ac.uk user5@sanger.ac.uk user4@sanger.ac.uk,user1@sanger.ac.uk user3@sanger.ac.uk user4@sanger.ac.uk,user5@sanger.ac.uk,user2@sanger.ac.uk,0,0,18515106,2703313,QC1Hip-14355,HPSI0614i-lirf_5,888,1,3298,Cambrige Spring,1
1,18439958,SAMEA4085299,,CGATGTTT,CGATGTTT,,user1@sanger.ac.uk user2@sanger.ac.uk user3@sanger.ac.uk user5@sanger.ac.uk user4@sanger.ac.uk,user1@sanger.ac.uk user3@sanger.ac.uk user4@sanger.ac.uk,user5@sanger.ac.uk,user2@sanger.ac.uk,0,0,18515106,2703314,QC1Hip-14356,HPSI0614i-lirf_6,888,1,3298,Cambrige Spring,2
1,18439970,SAMEA4451100,,TTAGGCAT,TTAGGCAT,,user1@sanger.ac.uk user2@sanger.ac.uk user3@sanger.ac.uk user5@sanger.ac.uk user4@sanger.ac.uk,user1@sanger.ac.uk user3@sanger.ac.uk user4@sanger.ac.uk,user5@sanger.ac.uk,user2@sanger.ac.uk,0,0,18515106,2703310,QC1Hip-14352,HPSI0514i-oupf_5,888,1,3298,Cambrige Spring,3
1,18439982,SAMEA4451098,,TGACCACT,TGACCACT,,user1@sanger.ac.uk user2@sanger.ac.uk user3@sanger.ac.uk user5@sanger.ac.uk user4@sanger.ac.uk,user1@sanger.ac.uk user3@sanger.ac.uk user4@sanger.ac.uk,user5@sanger.ac.uk,user2@sanger.ac.uk,0,0,18515106,2703311,QC1Hip-14353,HPSI0514i-oupf_6,888,1,3298,Cambrige Spring,4
1,18439994,SAMEA4458545,,ACAGTGGT,ACAGTGGT,,user1@sanger.ac.uk user2@sanger.ac.uk user3@sanger.ac.uk user5@sanger.ac.uk user4@sanger.ac.uk,user1@sanger.ac.uk user3@sanger.ac.uk user4@sanger.ac.uk,user5@sanger.ac.uk,user2@sanger.ac.uk,0,0,18515106,2757697,QC1Hip-14576,HPSI0614i-qunz_2,888,1,3298,Cambrige Spring,5
1,18440006,SAMEA3853129,,GCCAATGT,GCCAATGT,,user1@sanger.ac.uk user2@sanger.ac.uk user3@sanger.ac.uk user5@sanger.ac.uk user4@sanger.ac.uk,user1@sanger.ac.uk user3@sanger.ac.uk user4@sanger.ac.uk,user5@sanger.ac.uk,user2@sanger.ac.uk,0,0,18515106,2703299,QC1Hip-14341,HPSI0215i-zett_5,888,1,3298,Cambrige Spring,6
1,18440018,SAMEA4451111,,CAGATCTG,CAGATCTG,,user1@sanger.ac.uk user2@sanger.ac.uk user3@sanger.ac.uk user5@sanger.ac.uk user4@sanger.ac.uk,user1@sanger.ac.uk user3@sanger.ac.uk user4@sanger.ac.uk,user5@sanger.ac.uk,user2@sanger.ac.uk,0,0,18515106,2703294,QC1Hip-14336,HPSI0614i-uevq_6,888,1,3298,Cambrige Spring,7
1,18440030,SAMEA4451109,,ACTTGATG,ACTTGATG,,user1@sanger.ac.uk user2@sanger.ac.uk user3@sanger.ac.uk user5@sanger.ac.uk user4@sanger.ac.uk,user1@sanger.ac.uk user3@sanger.ac.uk user4@sanger.ac.uk,user5@sanger.ac.uk,user2@sanger.ac.uk,0,0,18515106,2769594,QC1Hip-14670,HPSI0614i-uevq_4,888,1,3298,Cambrige Spring,8
1,18439947,SAMEA4342379,,GATCAGCG,GATCAGCG,,user1@sanger.ac.uk user2@sanger.ac.uk user3@sanger.ac.uk user5@sanger.ac.uk user4@sanger.ac.uk,user1@sanger.ac.uk user3@sanger.ac.uk user4@sanger.ac.uk,user5@sanger.ac.uk,user2@sanger.ac.uk,0,0,18515106,2769593,QC1Hip-14669,HPSI1113i-vuud_2,888,1,3298,Cambrige Spring,9
1,18439959,SAMEA3976982,,TAGCTTGT,TAGCTTGT,,user1@sanger.ac.uk user2@sanger.ac.uk user3@sanger.ac.uk user5@sanger.ac.uk user4@sanger.ac.uk,user1@sanger.ac.uk user3@sanger.ac.uk user4@sanger.ac.uk,user5@sanger.ac.uk,user2@sanger.ac.uk,0,0,18515106,2574372,QC1Hip-12209,HPSI0115i-iinu_3,888,1,3299,Cambrige Summer,10
1,18439971,SAMEA3976980,,GGCTACAG,GGCTACAG,,user1@sanger.ac.uk user2@sanger.ac.uk user3@sanger.ac.uk user5@sanger.ac.uk user4@sanger.ac.uk,user1@sanger.ac.uk user3@sanger.ac.uk user4@sanger.ac.uk,user5@sanger.ac.uk,user2@sanger.ac.uk,0,0,18515106,2574373,QC1Hip-12210,HPSI0115i-iinu_5,888,1,3299,Cambrige Summer,11
1,18439983,SAMEA4340443,,CTTGTACT,CTTGTACT,,user1@sanger.ac.uk user2@sanger.ac.uk user3@sanger.ac.uk user5@sanger.ac.uk user4@sanger.ac.uk,user1@sanger.ac.uk user3@sanger.ac.uk user4@sanger.ac.uk,user5@sanger.ac.uk,user2@sanger.ac.uk,0,0,18515106,2647182,QC1Hip-13615,HPSI0115i-xaka_1,888,1,3299,Cambrige Summer,12
1,18439995,SAMEA4340444,,TGGTTGTT,TGGTTGTT,,user1@sanger.ac.uk user2@sanger.ac.uk user3@sanger.ac.uk user5@sanger.ac.uk user4@sanger.ac.uk,user1@sanger.ac.uk user3@sanger.ac.uk user4@sanger.ac.uk,user5@sanger.ac.uk,user2@sanger.ac.uk,0,0,18515106,2647183,QC1Hip-13616,HPSI0115i-xaka_2,888,1,3299,Cambrige Summer,13
1,18440007,SAMEA3974877,,TCTCGGTT,TCTCGGTT,,user1@sanger.ac.uk user2@sanger.ac.uk user3@sanger.ac.uk user5@sanger.ac.uk user4@sanger.ac.uk,user1@sanger.ac.uk user3@sanger.ac.uk user4@sanger.ac.uk,user5@sanger.ac.uk,user2@sanger.ac.uk,0,0,18515106,2703322,QC1Hip-14364,HPSI0614i-lipl_2,888,1,3299,Cambrige Summer,14
1,18440019,SAMEA3974874,,TAAGCGTT,TAAGCGTT,,user1@sanger.ac.uk user2@sanger.ac.uk user3@sanger.ac.uk user5@sanger.ac.uk user4@sanger.ac.uk,user1@sanger.ac.uk user3@sanger.ac.uk user4@sanger.ac.uk,user5@sanger.ac.uk,user2@sanger.ac.uk,0,0,18515106,2703323,QC1Hip-14365,HPSI0614i-lipl_5,888,1,3299,Cambrige Summer,15
1,18440031,SAMEA3976872,,TCCGTCTT,TCCGTCTT,,user1@sanger.ac.uk user2@sanger.ac.uk user3@sanger.ac.uk user5@sanger.ac.uk user4@sanger.ac.uk,user1@sanger.ac.uk user3@sanger.ac.uk user4@sanger.ac.uk,user5@sanger.ac.uk,user2@sanger.ac.uk,0,0,18515106,2769591,QC1Hip-14667,HPSI0414i-nolz_4,888,1,3299,Cambrige Summer,16
1,17883059,phiX_for_spiked_buffers,,ACAACGCAATC,ACAACGCAATC,,,,,,1,0,18515106,1255141,phiX_for_spiked_buffers,,888,1,198,Illumina Controls,888
2,18439946,SAMEA4085297,,ATCACGTT,ATCACGTT,,user1@sanger.ac.uk user2@sanger.ac.uk user3@sanger.ac.uk user5@sanger.ac.uk user4@sanger.ac.uk,user1@sanger.ac.uk user3@sanger.ac.uk user4@sanger.ac.uk,user5@sanger.ac.uk,user2@sanger.ac.uk,0,0,18515107,2703313,QC1Hip-14355,HPSI0614i-lirf_5,888,1,3298,Cambrige Spring,1
2,18439958,SAMEA4085299,,CGATGTTT,CGATGTTT,,user1@sanger.ac.uk user2@sanger.ac.uk user3@sanger.ac.uk user5@sanger.ac.uk user4@sanger.ac.uk,user1@sanger.ac.uk user3@sanger.ac.uk user4@sanger.ac.uk,user5@sanger.ac.uk,user2@sanger.ac.uk,0,0,18515107,2703314,QC1Hip-14356,HPSI0614i-lirf_6,888,1,3298,Cambrige Spring,2
2,18439970,SAMEA4451100,,TTAGGCAT,TTAGGCAT,,user1@sanger.ac.uk user2@sanger.ac.uk user3@sanger.ac.uk user5@sanger.ac.uk user4@sanger.ac.uk,user1@sanger.ac.uk user3@sanger.ac.uk user4@sanger.ac.uk,user5@sanger.ac.uk,user2@sanger.ac.uk,0,0,18515107,2703310,QC1Hip-14352,HPSI0514i-oupf_5,888,1,3298,Cambrige Spring,3
2,18439982,SAMEA4451098,,TGACCACT,TGACCACT,,user1@sanger.ac.uk user2@sanger.ac.uk user3@sanger.ac.uk user5@sanger.ac.uk user4@sanger.ac.uk,user1@sanger.ac.uk user3@sanger.ac.uk user4@sanger.ac.uk,user5@sanger.ac.uk,user2@sanger.ac.uk,0,0,18515107,2703311,QC1Hip-14353,HPSI0514i-oupf_6,888,1,3298,Cambrige Spring,4
2,18439994,SAMEA4458545,,ACAGTGGT,ACAGTGGT,,user1@sanger.ac.uk user2@sanger.ac.uk user3@sanger.ac.uk user5@sanger.ac.uk user4@sanger.ac.uk,user1@sanger.ac.uk user3@sanger.ac.uk user4@sanger.ac.uk,user5@sanger.ac.uk,user2@sanger.ac.uk,0,0,18515107,2757697,QC1Hip-14576,HPSI0614i-qunz_2,888,1,3298,Cambrige Spring,5
2,18440006,SAMEA3853129,,GCCAATGT,GCCAATGT,,user1@sanger.ac.uk user2@sanger.ac.uk user3@sanger.ac.uk user5@sanger.ac.uk user4@sanger.ac.uk,user1@sanger.ac.uk user3@sanger.ac.uk user4@sanger.ac.uk,user5@sanger.ac.uk,user2@sanger.ac.uk,0,0,18515107,2703299,QC1Hip-14341,HPSI0215i-zett_5,888,1,3298,Cambrige Spring,6
2,18440018,SAMEA4451111,,CAGATCTG,CAGATCTG,,user1@sanger.ac.uk user2@sanger.ac.uk user3@sanger.ac.uk user5@sanger.ac.uk user4@sanger.ac.uk,user1@sanger.ac.uk user3@sanger.ac.uk user4@sanger.ac.uk,user5@sanger.ac.uk,user2@sanger.ac.uk,0,0,18515107,2703294,QC1Hip-14336,HPSI0614i-uevq_6,888,1,3298,Cambrige Spring,7
2,18440030,SAMEA4451109,,ACTTGATG,ACTTGATG,,user1@sanger.ac.uk user2@sanger.ac.uk user3@sanger.ac.uk user5@sanger.ac.uk user4@sanger.ac.uk,user1@sanger.ac.uk user3@sanger.ac.uk user4@sanger.ac.uk,user5@sanger.ac.uk,user2@sanger.ac.uk,0,0,18515107,2769594,QC1Hip-14670,HPSI0614i-uevq_4,888,1,3298,Cambrige Spring,8
2,18439947,SAMEA4342379,,GATCAGCG,GATCAGCG,,user1@sanger.ac.uk user2@sanger.ac.uk user3@sanger.ac.uk user5@sanger.ac.uk user4@sanger.ac.uk,user1@sanger.ac.uk user3@sanger.ac.uk user4@sanger.ac.uk,user5@sanger.ac.uk,user2@sanger.ac.uk,0,0,18515107,2769593,QC1Hip-14669,HPSI1113i-vuud_2,888,1,3298,Cambrige Spring,9
2,18439959,SAMEA3976982,,TAGCTTGT,TAGCTTGT,,user1@sanger.ac.uk user2@sanger.ac.uk user3@sanger.ac.uk user5@sanger.ac.uk user4@sanger.ac.uk,user1@sanger.ac.uk user3@sanger.ac.uk user4@sanger.ac.uk,user5@sanger.ac.uk,user2@sanger.ac.uk,0,0,18515107,2574372,QC1Hip-12209,HPSI0115i-iinu_3,888,1,3299,Cambrige Summer,10
2,18439971,SAMEA3976980,,GGCTACAG,GGCTACAG,,user1@sanger.ac.uk user2@sanger.ac.uk user3@sanger.ac.uk user5@sanger.ac.uk user4@sanger.ac.uk,user1@sanger.ac.uk user3@sanger.ac.uk user4@sanger.ac.uk,user5@sanger.ac.uk,user2@sanger.ac.uk,0,0,18515107,2574373,QC1Hip-12210,HPSI0115i-iinu_5,888,1,3299,Cambrige Summer,11
2,18439983,SAMEA4340443,,CTTGTACT,CTTGTACT,,user1@sanger.ac.uk user2@sanger.ac.uk user3@sanger.ac.uk user5@sanger.ac.uk user4@sanger.ac.uk,user1@sanger.ac.uk user3@sanger.ac.uk user4@sanger.ac.uk,user5@sanger.ac.uk,user2@sanger.ac.uk,0,0,18515107,2647182,QC1Hip-13615,HPSI0115i-xaka_1,888,1,3299,Cambrige Summer,12
2,18439995,SAMEA4340444,,TGGTTGTT,TGGTTGTT,,user1@sanger.ac.uk user2@sanger.ac.uk user3@sanger.ac.uk user5@sanger.ac.uk user4@sanger.ac.uk,user1@sanger.ac.uk user3@sanger.ac.uk user4@sanger.ac.uk,user5@sanger.ac.uk,user2@sanger.ac.uk,0,0,18515107,2647183,QC1Hip-13616,HPSI0115i-xaka_2,888,1,3299,Cambrige Summer,13
2,18440007,SAMEA3974877,,TCTCGGTT,TCTCGGTT,,user1@sanger.ac.uk user2@sanger.ac.uk user3@sanger.ac.uk user5@sanger.ac.uk user4@sanger.ac.uk,user1@sanger.ac.uk user3@sanger.ac.uk user4@sanger.ac.uk,user5@sanger.ac.uk,user2@sanger.ac.uk,0,0,18515107,2703322,QC1Hip-14364,HPSI0614i-lipl_2,888,1,3299,Cambrige Summer,14
2,18440019,SAMEA3974874,,TAAGCGTT,TAAGCGTT,,user1@sanger.ac.uk user2@sanger.ac.uk user3@sanger.ac.uk user5@sanger.ac.uk user4@sanger.ac.uk,user1@sanger.ac.uk user3@sanger.ac.uk user4@sanger.ac.uk,user5@sanger.ac.uk,user2@sanger.ac.uk,0,0,18515107,2703323,QC1Hip-14365,HPSI0614i-lipl_5,888,1,3299,Cambrige Summer,15
2,18440031,SAMEA3976872,,TCCGTCTT,TCCGTCTT,,user1@sanger.ac.uk user2@sanger.ac.uk user3@sanger.ac.uk user5@sanger.ac.uk user4@sanger.ac.uk,user1@sanger.ac.uk user3@sanger.ac.uk user4@sanger.ac.uk,user5@sanger.ac.uk,user2@sanger.ac.uk,0,0,18515107,2769591,QC1Hip-14667,HPSI0414i-nolz_4,888,1,3299,Cambrige Summer,16
2,17883059,phiX_for_spiked_buffers,,ACAACGCAATC,ACAACGCAATC,,,,,,1,0,18515107,1255141,phiX_for_spiked_buffers,,888,1,198,Illumina Controls,888
3,18439946,SAMEA4085297,,ATCACGTT,ATCACGTT,,user1@sanger.ac.uk user2@sanger.ac.uk user3@sanger.ac.uk user5@sanger.ac.uk user4@sanger.ac.uk,user1@sanger.ac.uk user3@sanger.ac.uk user4@sanger.ac.uk,user5@sanger.ac.uk,user2@sanger.ac.uk,0,0,18515108,2703313,QC1Hip-14355,HPSI0614i-lirf_5,888,1,3298,Cambrige Spring,1
3,18439958,SAMEA4085299,,CGATGTTT,CGATGTTT,,user1@sanger.ac.uk user2@sanger.ac.uk user3@sanger.ac.uk user5@sanger.ac.uk user4@sanger.ac.uk,user1@sanger.ac.uk user3@sanger.ac.uk user4@sanger.ac.uk,user5@sanger.ac.uk,user2@sanger.ac.uk,0,0,18515108,2703314,QC1Hip-14356,HPSI0614i-lirf_6,888,1,3298,Cambrige Spring,2
3,18439970,SAMEA4451100,,TTAGGCAT,TTAGGCAT,,user1@sanger.ac.uk user2@sanger.ac.uk user3@sanger.ac.uk user5@sanger.ac.uk user4@sanger.ac.uk,user1@sanger.ac.uk user3@sanger.ac.uk user4@sanger.ac.uk,user5@sanger.ac.uk,user2@sanger.ac.uk,0,0,18515108,2703310,QC1Hip-14352,HPSI0514i-oupf_5,888,1,3298,Cambrige Spring,3
3,18439982,SAMEA4451098,,TGACCACT,TGACCACT,,user1@sanger.ac.uk user2@sanger.ac.uk user3@sanger.ac.uk user5@sanger.ac.uk user4@sanger.ac.uk,user1@sanger.ac.uk user3@sanger.ac.uk user4@sanger.ac.uk,user5@sanger.ac.uk,user2@sanger.ac.uk,0,0,18515108,2703311,QC1Hip-14353,HPSI0514i-oupf_6,888,1,3298,Cambrige Spring,4
3,18439994,SAMEA4458545,,ACAGTGGT,ACAGTGGT,,user1@sanger.ac.uk user2@sanger.ac.uk user3@sanger.ac.uk user5@sanger.ac.uk user4@sanger.ac.uk,user1@sanger.ac.uk user3@sanger.ac.uk user4@sanger.ac.uk,user5@sanger.ac.uk,user2@sanger.ac.uk,0,0,18515108,2757697,QC1Hip-14576,HPSI0614i-qunz_2,888,1,3298,Cambrige Spring,5
3,18440006,SAMEA3853129,,GCCAATGT,GCCAATGT,,user1@sanger.ac.uk user2@sanger.ac.uk user3@sanger.ac.uk user5@sanger.ac.uk user4@sanger.ac.uk,user1@sanger.ac.uk user3@sanger.ac.uk user4@sanger.ac.uk,user5@sanger.ac.uk,user2@sanger.ac.uk,0,0,18515108,2703299,QC1Hip-14341,HPSI0215i-zett_5,888,1,3298,Cambrige Spring,6
3,18440018,SAMEA4451111,,CAGATCTG,CAGATCTG,,user1@sanger.ac.uk user2@sanger.ac.uk user3@sanger.ac.uk user5@sanger.ac.uk user4@sanger.ac.uk,user1@sanger.ac.uk user3@sanger.ac.uk user4@sanger.ac.uk,user5@sanger.ac.uk,user2@sanger.ac.uk,0,0,18515108,2703294,QC1Hip-14336,HPSI0614i-uevq_6,888,1,3298,Cambrige Spring,7
3,18440030,SAMEA4451109,,ACTTGATG,ACTTGATG,,user1@sanger.ac.uk user2@sanger.ac.uk user3@sanger.ac.uk user5@sanger.ac.uk user4@sanger.ac.uk,user1@sanger.ac.uk user3@sanger.ac.uk user4@sanger.ac.uk,user5@sanger.ac.uk,user2@sanger.ac.uk,0,0,18515108,2769594,QC1Hip-14670,HPSI0614i-uevq_4,888,1,3298,Cambrige Spring,8
3,18439947,SAMEA4342379,,GATCAGCG,GATCAGCG,,user1@sanger.ac.uk user2@sanger.ac.uk user3@sanger.ac.uk user5@sanger.ac.uk user4@sanger.ac.uk,user1@sanger.ac.uk user3@sanger.ac.uk user4@sanger.ac.uk,user5@sanger.ac.uk,user2@sanger.ac.uk,0,0,18515108,2769593,QC1Hip-14669,HPSI1113i-vuud_2,888,1,3298,Cambrige Spring,9
3,18439959,SAMEA3976982,,TAGCTTGT,TAGCTTGT,,user1@sanger.ac.uk user2@sanger.ac.uk user3@sanger.ac.uk user5@sanger.ac.uk user4@sanger.ac.uk,user1@sanger.ac.uk user3@sanger.ac.uk user4@sanger.ac.uk,user5@sanger.ac.uk,user2@sanger.ac.uk,0,0,18515108,2574372,QC1Hip-12209,HPSI0115i-iinu_3,888,1,3299,Cambrige Summer,10
3,18439971,SAMEA3976980,,GGCTACAG,GGCTACAG,,user1@sanger.ac.uk user2@sanger.ac.uk user3@sanger.ac.uk user5@sanger.ac.uk user4@sanger.ac.uk,user1@sanger.ac.uk user3@sanger.ac.uk user4@sanger.ac.uk,user5@sanger.ac.uk,user2@sanger.ac.uk,0,0,18515108,2574373,QC1Hip-12210,HPSI0115i-iinu_5,888,1,3299,Cambrige Summer,11
3,18439983,SAMEA4340443,,CTTGTACT,CTTGTACT,,user1@sanger.ac.uk user2@sanger.ac.uk user3@sanger.ac.uk user5@sanger.ac.uk user4@sanger.ac.uk,user1@sanger.ac.uk user3@sanger.ac.uk user4@sanger.ac.uk,user5@sanger.ac.uk,user2@sanger.ac.uk,0,0,18515108,2647182,QC1Hip-13615,HPSI0115i-xaka_1,888,1,3299,Cambrige Summer,12
3,18439995,SAMEA4340444,,TGGTTGTT,TGGTTGTT,,user1@sanger.ac.uk user2@sanger.ac.uk user3@sanger.ac.uk user5@sanger.ac.uk user4@sanger.ac.uk,user1@sanger.ac.uk user3@sanger.ac.uk user4@sanger.ac.uk,user5@sanger.ac.uk,user2@sanger.ac.uk,0,0,18515108,2647183,QC1Hip-13616,HPSI0115i-xaka_2,888,1,3299,Cambrige Summer,13
3,18440007,SAMEA3974877,,TCTCGGTT,TCTCGGTT,,user1@sanger.ac.uk user2@sanger.ac.uk user3@sanger.ac.uk user5@sanger.ac.uk user4@sanger.ac.uk,user1@sanger.ac.uk user3@sanger.ac.uk user4@sanger.ac.uk,user5@sanger.ac.uk,user2@sanger.ac.uk,0,0,18515108,2703322,QC1Hip-14364,HPSI0614i-lipl_2,888,1,3299,Cambrige Summer,14
3,18440019,SAMEA3974874,,TAAGCGTT,TAAGCGTT,,user1@sanger.ac.uk user2@sanger.ac.uk user3@sanger.ac.uk user5@sanger.ac.uk user4@sanger.ac.uk,user1@sanger.ac.uk user3@sanger.ac.uk user4@sanger.ac.uk,user5@sanger.ac.uk,user2@sanger.ac.uk,0,0,18515108,2703323,QC1Hip-14365,HPSI0614i-lipl_5,888,1,3299,Cambrige Summer,15
3,18440031,SAMEA3976872,,TCCGTCTT,TCCGTCTT,,user1@sanger.ac.uk user2@sanger.ac.uk user3@sanger.ac.uk user5@sanger.ac.uk user4@sanger.ac.uk,user1@sanger.ac.uk user3@sanger.ac.uk user4@sanger.ac.uk,user5@sanger.ac.uk,user2@sanger.ac.uk,0,0,18515108,2769591,QC1Hip-14667,HPSI0414i-nolz_4,888,1,3299,Cambrige Summer,16
3,17883059,phiX_for_spiked_buffers,,ACAACGCAATC,ACAACGCAATC,,,,,,1,0,18515108,1255141,phiX_for_spiked_buffers,,888,1,198,Illumina Controls,888
4,18439948,SAMEA3976880,,TGTACCTT,TGTACCTT,,user1@sanger.ac.uk user2@sanger.ac.uk user3@sanger.ac.uk user5@sanger.ac.uk user4@sanger.ac.uk,user1@sanger.ac.uk user3@sanger.ac.uk user4@sanger.ac.uk,user5@sanger.ac.uk,user2@sanger.ac.uk,0,0,18515109,2769588,QC1Hip-14664,HPSI0115i-qaqp_4,888,1,3299,Cambrige Summer,1
4,18439960,SAMEA3976881,,TTCTGTGT,TTCTGTGT,,user1@sanger.ac.uk user2@sanger.ac.uk user3@sanger.ac.uk user5@sanger.ac.uk user4@sanger.ac.uk,user1@sanger.ac.uk user3@sanger.ac.uk user4@sanger.ac.uk,user5@sanger.ac.uk,user2@sanger.ac.uk,0,0,18515109,2769589,QC1Hip-14665,HPSI0115i-qaqp_5,888,1,3299,Cambrige Summer,2
4,18439972,SAMEA4447140,,TCTGCTGT,TCTGCTGT,,user2@sanger.ac.uk user6@sanger.ac.uk user3@sanger.ac.uk,user3@sanger.ac.uk,user6@sanger.ac.uk,user2@sanger.ac.uk,0,0,18515109,2703287,QC1Hip-14329,HPSI0216i-aiid_1,888,1,4357,Cambrige Autumn,3
4,18439984,SAMEA4447143,,TTGGAGGT,TTGGAGGT,,user2@sanger.ac.uk user6@sanger.ac.uk user3@sanger.ac.uk,user3@sanger.ac.uk,user6@sanger.ac.uk,user2@sanger.ac.uk,0,0,18515109,2703288,QC1Hip-14330,HPSI0216i-aiid_6,888,1,4357,Cambrige Autumn,4
4,18439996,SAMEA4453687,,TCGAGCGT,TCGAGCGT,,user2@sanger.ac.uk user6@sanger.ac.uk user3@sanger.ac.uk,user3@sanger.ac.uk,user6@sanger.ac.uk,user2@sanger.ac.uk,0,0,18515109,2757694,QC1Hip-14573,HPSI0416i-fiwt_3,888,1,4357,Cambrige Autumn,5
4,18440008,SAMEA4453893,,TGATACGT,TGATACGT,,user2@sanger.ac.uk user6@sanger.ac.uk user3@sanger.ac.uk,user3@sanger.ac.uk,user6@sanger.ac.uk,user2@sanger.ac.uk,0,0,18515109,2703319,QC1Hip-14361,HPSI0416i-mefc_1,888,1,4357,Cambrige Autumn,6
4,18440020,SAMEA4453894,,TGCATAGT,TGCATAGT,,user2@sanger.ac.uk user6@sanger.ac.uk user3@sanger.ac.uk,user3@sanger.ac.uk,user6@sanger.ac.uk,user2@sanger.ac.uk,0,0,18515109,2703320,QC1Hip-14362,HPSI0416i-mefc_2,888,1,4357,Cambrige Autumn,7
4,18440032,SAMEA4343058,,TTGACTCT,TTGACTCT,,user2@sanger.ac.uk user6@sanger.ac.uk user3@sanger.ac.uk,user3@sanger.ac.uk,user6@sanger.ac.uk,user2@sanger.ac.uk,0,0,18515109,2769579,QC1Hip-14655,HPSI0216i-dewh_4,888,1,4357,Cambrige Autumn,8
4,18439949,SAMEA4856668,,TGCGATCT,TGCGATCT,,user2@sanger.ac.uk user6@sanger.ac.uk user3@sanger.ac.uk,user3@sanger.ac.uk,user6@sanger.ac.uk,user2@sanger.ac.uk,0,0,18515109,2791606,QC1Hip-14818,HPSI0516i-eitu_3,888,1,4357,Cambrige Autumn,9
4,18439961,SAMEA4453868,,TTCCTGCT,TTCCTGCT,,user2@sanger.ac.uk user6@sanger.ac.uk user3@sanger.ac.uk,user3@sanger.ac.uk,user6@sanger.ac.uk,user2@sanger.ac.uk,0,0,18515109,2803237,QC1Hip-14907,HPSI0216i-iogu_5,888,1,4357,Cambrige Autumn,10
4,18439973,SAMEA4563397,,TAGTGACT,TAGTGACT,,user2@sanger.ac.uk user6@sanger.ac.uk user3@sanger.ac.uk,user3@sanger.ac.uk,user6@sanger.ac.uk,user2@sanger.ac.uk,0,0,18515109,2791597,QC1Hip-14809,HPSI0516i-oazw_3,888,1,4357,Cambrige Autumn,11
4,18439985,SAMEA4563396,,TACAGGAT,TACAGGAT,,user2@sanger.ac.uk user6@sanger.ac.uk user3@sanger.ac.uk,user3@sanger.ac.uk,user6@sanger.ac.uk,user2@sanger.ac.uk,0,0,18515109,2791598,QC1Hip-14810,HPSI0516i-oazw_4,888,1,4357,Cambrige Autumn,12
4,18439997,SAMEA4563382,,TCCTCAAT,TCCTCAAT,,user2@sanger.ac.uk user6@sanger.ac.uk user3@sanger.ac.uk,user3@sanger.ac.uk,user6@sanger.ac.uk,user2@sanger.ac.uk,0,0,18515109,2791603,QC1Hip-14815,HPSI0516i-pews_2,888,1,4357,Cambrige Autumn,13
4,18440009,SAMEA4563383,,TGTGGTTG,TGTGGTTG,,user2@sanger.ac.uk user6@sanger.ac.uk user3@sanger.ac.uk,user3@sanger.ac.uk,user6@sanger.ac.uk,user2@sanger.ac.uk,0,0,18515109,2791604,QC1Hip-14816,HPSI0516i-pews_3,888,1,4357,Cambrige Autumn,14
4,18440021,SAMEA4453756,,TAGTCTTG,TAGTCTTG,,user2@sanger.ac.uk user6@sanger.ac.uk user3@sanger.ac.uk,user3@sanger.ac.uk,user6@sanger.ac.uk,user2@sanger.ac.uk,0,0,18515109,2769582,QC1Hip-14658,HPSI0416i-zige_2,888,1,4357,Cambrige Autumn,15
4,18440033,SAMEA4453863,,TTCCATTG,TTCCATTG,,user2@sanger.ac.uk user6@sanger.ac.uk user3@sanger.ac.uk,user3@sanger.ac.uk,user6@sanger.ac.uk,user2@sanger.ac.uk,0,0,18515109,2769583,QC1Hip-14659,HPSI0416i-zige_5,888,1,4357,Cambrige Autumn,16
4,17883059,phiX_for_spiked_buffers,,ACAACGCAATC,ACAACGCAATC,,,,,,1,0,18515109,1255141,phiX_for_spiked_buffers,,888,1,198,Illumina Controls,888
5,18439948,SAMEA3976880,,TGTACCTT,TGTACCTT,,user1@sanger.ac.uk user2@sanger.ac.uk user3@sanger.ac.uk user5@sanger.ac.uk user4@sanger.ac.uk,user1@sanger.ac.uk user3@sanger.ac.uk user4@sanger.ac.uk,user5@sanger.ac.uk,user2@sanger.ac.uk,0,0,18515110,2769588,QC1Hip-14664,HPSI0115i-qaqp_4,888,1,3299,Cambrige Summer,1
5,18439960,SAMEA3976881,,TTCTGTGT,TTCTGTGT,,user1@sanger.ac.uk user2@sanger.ac.uk user3@sanger.ac.uk user5@sanger.ac.uk user4@sanger.ac.uk,user1@sanger.ac.uk user3@sanger.ac.uk user4@sanger.ac.uk,user5@sanger.ac.uk,user2@sanger.ac.uk,0,0,18515110,2769589,QC1Hip-14665,HPSI0115i-qaqp_5,888,1,3299,Cambrige Summer,2
5,18439972,SAMEA4447140,,TCTGCTGT,TCTGCTGT,,user2@sanger.ac.uk user6@sanger.ac.uk user3@sanger.ac.uk,user3@sanger.ac.uk,user6@sanger.ac.uk,user2@sanger.ac.uk,0,0,18515110,2703287,QC1Hip-14329,HPSI0216i-aiid_1,888,1,4357,Cambrige Autumn,3
5,18439984,SAMEA4447143,,TTGGAGGT,TTGGAGGT,,user2@sanger.ac.uk user6@sanger.ac.uk user3@sanger.ac.uk,user3@sanger.ac.uk,user6@sanger.ac.uk,user2@sanger.ac.uk,0,0,18515110,2703288,QC1Hip-14330,HPSI0216i-aiid_6,888,1,4357,Cambrige Autumn,4
5,18439996,SAMEA4453687,,TCGAGCGT,TCGAGCGT,,user2@sanger.ac.uk user6@sanger.ac.uk user3@sanger.ac.uk,user3@sanger.ac.uk,user6@sanger.ac.uk,user2@sanger.ac.uk,0,0,18515110,2757694,QC1Hip-14573,HPSI0416i-fiwt_3,888,1,4357,Cambrige Autumn,5
5,18440008,SAMEA4453893,,TGATACGT,TGATACGT,,user2@sanger.ac.uk user6@sanger.ac.uk user3@sanger.ac.uk,user3@sanger.ac.uk,user6@sanger.ac.uk,user2@sanger.ac.uk,0,0,18515110,2703319,QC1Hip-14361,HPSI0416i-mefc_1,888,1,4357,Cambrige Autumn,6
5,18440020,SAMEA4453894,,TGCATAGT,TGCATAGT,,user2@sanger.ac.uk user6@sanger.ac.uk user3@sanger.ac.uk,user3@sanger.ac.uk,user6@sanger.ac.uk,user2@sanger.ac.uk,0,0,18515110,2703320,QC1Hip-14362,HPSI0416i-mefc_2,888,1,4357,Cambrige Autumn,7
5,18440032,SAMEA4343058,,TTGACTCT,TTGACTCT,,user2@sanger.ac.uk user6@sanger.ac.uk user3@sanger.ac.uk,user3@sanger.ac.uk,user6@sanger.ac.uk,user2@sanger.ac.uk,0,0,18515110,2769579,QC1Hip-14655,HPSI0216i-dewh_4,888,1,4357,Cambrige Autumn,8
5,18439949,SAMEA4856668,,TGCGATCT,TGCGATCT,,user2@sanger.ac.uk user6@sanger.ac.uk user3@sanger.ac.uk,user3@sanger.ac.uk,user6@sanger.ac.uk,user2@sanger.ac.uk,0,0,18515110,2791606,QC1Hip-14818,HPSI0516i-eitu_3,888,1,4357,Cambrige Autumn,9
5,18439961,SAMEA4453868,,TTCCTGCT,TTCCTGCT,,user2@sanger.ac.uk user6@sanger.ac.uk user3@sanger.ac.uk,user3@sanger.ac.uk,user6@sanger.ac.uk,user2@sanger.ac.uk,0,0,18515110,2803237,QC1Hip-14907,HPSI0216i-iogu_5,888,1,4357,Cambrige Autumn,10
5,18439973,SAMEA4563397,,TAGTGACT,TAGTGACT,,user2@sanger.ac.uk user6@sanger.ac.uk user3@sanger.ac.uk,user3@sanger.ac.uk,user6@sanger.ac.uk,user2@sanger.ac.uk,0,0,18515110,2791597,QC1Hip-14809,HPSI0516i-oazw_3,888,1,4357,Cambrige Autumn,11
5,18439985,SAMEA4563396,,TACAGGAT,TACAGGAT,,user2@sanger.ac.uk user6@sanger.ac.uk user3@sanger.ac.uk,user3@sanger.ac.uk,user6@sanger.ac.uk,user2@sanger.ac.uk,0,0,18515110,2791598,QC1Hip-14810,HPSI0516i-oazw_4,888,1,4357,Cambrige Autumn,12
5,18439997,SAMEA4563382,,TCCTCAAT,TCCTCAAT,,user2@sanger.ac.uk user6@sanger.ac.uk user3@sanger.ac.uk,user3@sanger.ac.uk,user6@sanger.ac.uk,user2@sanger.ac.uk,0,0,18515110,2791603,QC1Hip-14815,HPSI0516i-pews_2,888,1,4357,Cambrige Autumn,13
5,18440009,SAMEA4563383,,TGTGGTTG,TGTGGTTG,,user2@sanger.ac.uk user6@sanger.ac.uk user3@sanger.ac.uk,user3@sanger.ac.uk,user6@sanger.ac.uk,user2@sanger.ac.uk,0,0,18515110,2791604,QC1Hip-14816,HPSI0516i-pews_3,888,1,4357,Cambrige Autumn,14
5,18440021,SAMEA4453756,,TAGTCTTG,TAGTCTTG,,user2@sanger.ac.uk user6@sanger.ac.uk user3@sanger.ac.uk,user3@sanger.ac.uk,user6@sanger.ac.uk,user2@sanger.ac.uk,0,0,18515110,2769582,QC1Hip-14658,HPSI0416i-zige_2,888,1,4357,Cambrige Autumn,15
5,18440033,SAMEA4453863,,TTCCATTG,TTCCATTG,,user2@sanger.ac.uk user6@sanger.ac.uk user3@sanger.ac.uk,user3@sanger.ac.uk,user6@sanger.ac.uk,user2@sanger.ac.uk,0,0,18515110,2769583,QC1Hip-14659,HPSI0416i-zige_5,888,1,4357,Cambrige Autumn,16
5,17883059,phiX_for_spiked_buffers,,ACAACGCAATC,ACAACGCAATC,,,,,,1,0,18515110,1255141,phiX_for_spiked_buffers,,888,1,198,Illumina Controls,888
6,18439948,SAMEA3976880,,TGTACCTT,TGTACCTT,,user1@sanger.ac.uk user2@sanger.ac.uk user3@sanger.ac.uk user5@sanger.ac.uk user4@sanger.ac.uk,user1@sanger.ac.uk user3@sanger.ac.uk user4@sanger.ac.uk,user5@sanger.ac.uk,user2@sanger.ac.uk,0,0,18515111,2769588,QC1Hip-14664,HPSI0115i-qaqp_4,888,1,3299,Cambrige Summer,1
6,18439960,SAMEA3976881,,TTCTGTGT,TTCTGTGT,,user1@sanger.ac.uk user2@sanger.ac.uk user3@sanger.ac.uk user5@sanger.ac.uk user4@sanger.ac.uk,user1@sanger.ac.uk user3@sanger.ac.uk user4@sanger.ac.uk,user5@sanger.ac.uk,user2@sanger.ac.uk,0,0,18515111,2769589,QC1Hip-14665,HPSI0115i-qaqp_5,888,1,3299,Cambrige Summer,2
6,18439972,SAMEA4447140,,TCTGCTGT,TCTGCTGT,,user2@sanger.ac.uk user6@sanger.ac.uk user3@sanger.ac.uk,user3@sanger.ac.uk,user6@sanger.ac.uk,user2@sanger.ac.uk,0,0,18515111,2703287,QC1Hip-14329,HPSI0216i-aiid_1,888,1,4357,Cambrige Autumn,3
6,18439984,SAMEA4447143,,TTGGAGGT,TTGGAGGT,,user2@sanger.ac.uk user6@sanger.ac.uk user3@sanger.ac.uk,user3@sanger.ac.uk,user6@sanger.ac.uk,user2@sanger.ac.uk,0,0,18515111,2703288,QC1Hip-14330,HPSI0216i-aiid_6,888,1,4357,Cambrige Autumn,4
6,18439996,SAMEA4453687,,TCGAGCGT,TCGAGCGT,,user2@sanger.ac.uk user6@sanger.ac.uk user3@sanger.ac.uk,user3@sanger.ac.uk,user6@sanger.ac.uk,user2@sanger.ac.uk,0,0,18515111,2757694,QC1Hip-14573,HPSI0416i-fiwt_3,888,1,4357,Cambrige Autumn,5
6,18440008,SAMEA4453893,,TGATACGT,TGATACGT,,user2@sanger.ac.uk user6@sanger.ac.uk user3@sanger.ac.uk,user3@sanger.ac.uk,user6@sanger.ac.uk,user2@sanger.ac.uk,0,0,18515111,2703319,QC1Hip-14361,HPSI0416i-mefc_1,888,1,4357,Cambrige Autumn,6
6,18440020,SAMEA4453894,,TGCATAGT,TGCATAGT,,user2@sanger.ac.uk user6@sanger.ac.uk user3@sanger.ac.uk,user3@sanger.ac.uk,user6@sanger.ac.uk,user2@sanger.ac.uk,0,0,18515111,2703320,QC1Hip-14362,HPSI0416i-mefc_2,888,1,4357,Cambrige Autumn,7
6,18440032,SAMEA4343058,,TTGACTCT,TTGACTCT,,user2@sanger.ac.uk user6@sanger.ac.uk user3@sanger.ac.uk,user3@sanger.ac.uk,user6@sanger.ac.uk,user2@sanger.ac.uk,0,0,18515111,2769579,QC1Hip-14655,HPSI0216i-dewh_4,888,1,4357,Cambrige Autumn,8
6,18439949,SAMEA4856668,,TGCGATCT,TGCGATCT,,user2@sanger.ac.uk user6@sanger.ac.uk user3@sanger.ac.uk,user3@sanger.ac.uk,user6@sanger.ac.uk,user2@sanger.ac.uk,0,0,18515111,2791606,QC1Hip-14818,HPSI0516i-eitu_3,888,1,4357,Cambrige Autumn,9
6,18439961,SAMEA4453868,,TTCCTGCT,TTCCTGCT,,user2@sanger.ac.uk user6@sanger.ac.uk user3@sanger.ac.uk,user3@sanger.ac.uk,user6@sanger.ac.uk,user2@sanger.ac.uk,0,0,18515111,2803237,QC1Hip-14907,HPSI0216i-iogu_5,888,1,4357,Cambrige Autumn,10
6,18439973,SAMEA4563397,,TAGTGACT,TAGTGACT,,user2@sanger.ac.uk user6@sanger.ac.uk user3@sanger.ac.uk,user3@sanger.ac.uk,user6@sanger.ac.uk,user2@sanger.ac.uk,0,0,18515111,2791597,QC1Hip-14809,HPSI0516i-oazw_3,888,1,4357,Cambrige Autumn,11
6,18439985,SAMEA4563396,,TACAGGAT,TACAGGAT,,user2@sanger.ac.uk user6@sanger.ac.uk user3@sanger.ac.uk,user3@sanger.ac.uk,user6@sanger.ac.uk,user2@sanger.ac.uk,0,0,18515111,2791598,QC1Hip-14810,HPSI0516i-oazw_4,888,1,4357,Cambrige Autumn,12
6,18439997,SAMEA4563382,,TCCTCAAT,TCCTCAAT,,user2@sanger.ac.uk user6@sanger.ac.uk user3@sanger.ac.uk,user3@sanger.ac.uk,user6@sanger.ac.uk,user2@sanger.ac.uk,0,0,18515111,2791603,QC1Hip-14815,HPSI0516i-pews_2,888,1,4357,Cambrige Autumn,13
6,18440009,SAMEA4563383,,TGTGGTTG,TGTGGTTG,,user2@sanger.ac.uk user6@sanger.ac.uk user3@sanger.ac.uk,user3@sanger.ac.uk,user6@sanger.ac.uk,user2@sanger.ac.uk,0,0,18515111,2791604,QC1Hip-14816,HPSI0516i-pews_3,888,1,4357,Cambrige Autumn,14
6,18440021,SAMEA4453756,,TAGTCTTG,TAGTCTTG,,user2@sanger.ac.uk user6@sanger.ac.uk user3@sanger.ac.uk,user3@sanger.ac.uk,user6@sanger.ac.uk,user2@sanger.ac.uk,0,0,18515111,2769582,QC1Hip-14658,HPSI0416i-zige_2,888,1,4357,Cambrige Autumn,15
6,18440033,SAMEA4453863,,TTCCATTG,TTCCATTG,,user2@sanger.ac.uk user6@sanger.ac.uk user3@sanger.ac.uk,user3@sanger.ac.uk,user6@sanger.ac.uk,user2@sanger.ac.uk,0,0,18515111,2769583,QC1Hip-14659,HPSI0416i-zige_5,888,1,4357,Cambrige Autumn,16
6,17883059,phiX_for_spiked_buffers,,ACAACGCAATC,ACAACGCAATC,,,,,,1,0,18515111,1255141,phiX_for_spiked_buffers,,888,1,198,Illumina Controls,888
7,18439950,SAMEA7864168,,TCGAAGTG,TCGAAGTG,,user2@sanger.ac.uk user6@sanger.ac.uk user3@sanger.ac.uk,user3@sanger.ac.uk,user6@sanger.ac.uk,user2@sanger.ac.uk,0,0,18515112,2816369,QC1Hip-15078,HPSI0516i-iool_4,888,1,4357,Cambrige Autumn,1
7,18439962,SAMEA7867168,,TAACGCTG,TAACGCTG,,user2@sanger.ac.uk user6@sanger.ac.uk user3@sanger.ac.uk,user3@sanger.ac.uk,user6@sanger.ac.uk,user2@sanger.ac.uk,0,0,18515112,2816370,QC1Hip-15079,HPSI0516i-iool_6,888,1,4357,Cambrige Autumn,2
7,18439974,SAMEA7594168,,TTGGTATG,TTGGTATG,,user2@sanger.ac.uk user6@sanger.ac.uk user3@sanger.ac.uk,user3@sanger.ac.uk,user6@sanger.ac.uk,user2@sanger.ac.uk,0,0,18515112,2816375,QC1Hip-15084,HPSI0516i-hapz_2,888,1,4357,Cambrige Autumn,3
7,18439986,SAMEA7593418,,TGAACTGG,TGAACTGG,,user2@sanger.ac.uk user6@sanger.ac.uk user3@sanger.ac.uk,user3@sanger.ac.uk,user6@sanger.ac.uk,user2@sanger.ac.uk,0,0,18515112,2816376,QC1Hip-15085,HPSI0516i-hapz_3,888,1,4357,Cambrige Autumn,4
7,18439998,SAMEA4343060,,TACTTCGG,TACTTCGG,,user2@sanger.ac.uk user6@sanger.ac.uk user3@sanger.ac.uk,user3@sanger.ac.uk,user6@sanger.ac.uk,user2@sanger.ac.uk,0,0,18515112,2816394,QC1Hip-15103,HPSI0216i-dewh_6,888,1,4357,Cambrige Autumn,5
7,18440010,SAMEA4563413,,TCTCACGG,TCTCACGG,,user2@sanger.ac.uk user6@sanger.ac.uk user3@sanger.ac.uk,user3@sanger.ac.uk,user6@sanger.ac.uk,user2@sanger.ac.uk,0,0,18515112,2831622,QC1Hip-15309,HPSI0516i-goek_4,888,1,4357,Cambrige Autumn,6
7,18440022,SAMEA4447052,,TCAGGAGG,TCAGGAGG,,user2@sanger.ac.uk user6@sanger.ac.uk user3@sanger.ac.uk,user3@sanger.ac.uk,user6@sanger.ac.uk,user2@sanger.ac.uk,0,0,18515112,2703307,QC1Hip-14349,HPSI0216i-boho_3,888,1,4350,Cambrige Winter,7
7,18440034,SAMEA4451172,,TAAGTTCG,TAAGTTCG,,user2@sanger.ac.uk user6@sanger.ac.uk user3@sanger.ac.uk,user3@sanger.ac.uk,user6@sanger.ac.uk,user2@sanger.ac.uk,0,0,18515112,2703282,QC1Hip-14324,HPSI0216i-dacv_6,888,1,4350,Cambrige Winter,8
7,18439951,SAMEA4453872,,TCCAGTCG,TCCAGTCG,,user2@sanger.ac.uk user6@sanger.ac.uk user3@sanger.ac.uk,user3@sanger.ac.uk,user6@sanger.ac.uk,user2@sanger.ac.uk,0,0,18515112,2757703,QC1Hip-14582,HPSI0216i-vieg_3,888,1,4350,Cambrige Winter,9
7,18439963,SAMEA4453874,,TGTATGCG,TGTATGCG,,user2@sanger.ac.uk user6@sanger.ac.uk user3@sanger.ac.uk,user3@sanger.ac.uk,user6@sanger.ac.uk,user2@sanger.ac.uk,0,0,18515112,2757704,QC1Hip-14583,HPSI0216i-vieg_5,888,1,4350,Cambrige Winter,10
7,18439975,SAMEA4448534,,TCATTGAG,TCATTGAG,,user2@sanger.ac.uk user6@sanger.ac.uk user3@sanger.ac.uk,user3@sanger.ac.uk,user6@sanger.ac.uk,user2@sanger.ac.uk,0,0,18515112,2803240,QC1Hip-14910,HPSI0316i-muwv_3,888,1,4350,Cambrige Winter,11
7,18439987,SAMEA4448528,,TGGCTCAG,TGGCTCAG,,user2@sanger.ac.uk user6@sanger.ac.uk user3@sanger.ac.uk,user3@sanger.ac.uk,user6@sanger.ac.uk,user2@sanger.ac.uk,0,0,18515112,2803241,QC1Hip-14911,HPSI0316i-muwv_6,888,1,4350,Cambrige Winter,12
7,18439999,SAMEA4561629,,TATGCCAG,TATGCCAG,,user2@sanger.ac.uk user6@sanger.ac.uk user3@sanger.ac.uk,user3@sanger.ac.uk,user6@sanger.ac.uk,user2@sanger.ac.uk,0,0,18515112,2791609,QC1Hip-14821,HPSI0516i-zukb_2,888,1,4350,Cambrige Winter,13
7,18440011,SAMEA4561630,,TCAGATTC,TCAGATTC,,user2@sanger.ac.uk user6@sanger.ac.uk user3@sanger.ac.uk,user3@sanger.ac.uk,user6@sanger.ac.uk,user2@sanger.ac.uk,0,0,18515112,2791610,QC1Hip-14822,HPSI0516i-zukb_3,888,1,4350,Cambrige Winter,14
7,18440023,SAMEA4562374,,TACTAGTC,TACTAGTC,,user2@sanger.ac.uk user6@sanger.ac.uk user3@sanger.ac.uk,user3@sanger.ac.uk,user6@sanger.ac.uk,user2@sanger.ac.uk,0,0,18515112,2816378,QC1Hip-15087,HPSI0516i-jory_9,888,1,4350,Cambrige Winter,15
7,18440035,SAMEA4562370,,TTCAGCTC,TTCAGCTC,,user2@sanger.ac.uk user6@sanger.ac.uk user3@sanger.ac.uk,user3@sanger.ac.uk,user6@sanger.ac.uk,user2@sanger.ac.uk,0,0,18515112,2816379,QC1Hip-15088,HPSI0516i-jory_10,888,1,4350,Cambrige Winter,16
7,17883059,phiX_for_spiked_buffers,,ACAACGCAATC,ACAACGCAATC,,,,,,1,0,18515112,1255141,phiX_for_spiked_buffers,,888,1,198,Illumina Controls,888
8,18439849,CTTV0286207367,,ATCACGTT,ATCACGTT,,user7@sanger.ac.uk user8@sanger.ac.uk user9@sanger.ac.uk user5@sanger.ac.uk user10@sanger.ac.uk,user10@sanger.ac.uk,user7@sanger.ac.uk user9@sanger.ac.uk user5@sanger.ac.uk,user8@sanger.ac.uk,0,0,18515113,2411822,CTTV0286207367,,888,1,3921,Cambrige Any Season,1
8,18439861,CTTV0286207368,,CGATGTTT,CGATGTTT,,user7@sanger.ac.uk user8@sanger.ac.uk user9@sanger.ac.uk user5@sanger.ac.uk user10@sanger.ac.uk,user10@sanger.ac.uk,user7@sanger.ac.uk user9@sanger.ac.uk user5@sanger.ac.uk,user8@sanger.ac.uk,0,0,18515113,2411823,CTTV0286207368,,888,1,3921,Cambrige Any Season,2
8,18439873,CTTV0286207369,,TTAGGCAT,TTAGGCAT,,user7@sanger.ac.uk user8@sanger.ac.uk user9@sanger.ac.uk user5@sanger.ac.uk user10@sanger.ac.uk,user10@sanger.ac.uk,user7@sanger.ac.uk user9@sanger.ac.uk user5@sanger.ac.uk,user8@sanger.ac.uk,0,0,18515113,2411824,CTTV0286207369,,888,1,3921,Cambrige Any Season,3
8,18439885,CTTV0286207370,,TGACCACT,TGACCACT,,user7@sanger.ac.uk user8@sanger.ac.uk user9@sanger.ac.uk user5@sanger.ac.uk user10@sanger.ac.uk,user10@sanger.ac.uk,user7@sanger.ac.uk user9@sanger.ac.uk user5@sanger.ac.uk,user8@sanger.ac.uk,0,0,18515113,2411825,CTTV0286207370,,888,1,3921,Cambrige Any Season,4
8,18439897,EGAN00001472601,,ACAGTGGT,ACAGTGGT,,user7@sanger.ac.uk user8@sanger.ac.uk user9@sanger.ac.uk user5@sanger.ac.uk user10@sanger.ac.uk,user10@sanger.ac.uk,user7@sanger.ac.uk user9@sanger.ac.uk user5@sanger.ac.uk,user8@sanger.ac.uk,0,0,18515113,2411635,CTTV0286207180,,888,1,3921,Cambrige Any Season,5
8,18439909,EGAN00001472602,,GCCAATGT,GCCAATGT,,user7@sanger.ac.uk user8@sanger.ac.uk user9@sanger.ac.uk user5@sanger.ac.uk user10@sanger.ac.uk,user10@sanger.ac.uk,user7@sanger.ac.uk user9@sanger.ac.uk user5@sanger.ac.uk,user8@sanger.ac.uk,0,0,18515113,2411636,CTTV0286207181,,888,1,3921,Cambrige Any Season,6
8,18439921,EGAN00001472603,,CAGATCTG,CAGATCTG,,user7@sanger.ac.uk user8@sanger.ac.uk user9@sanger.ac.uk user5@sanger.ac.uk user10@sanger.ac.uk,user10@sanger.ac.uk,user7@sanger.ac.uk user9@sanger.ac.uk user5@sanger.ac.uk,user8@sanger.ac.uk,0,0,18515113,2411637,CTTV0286207182,,888,1,3921,Cambrige Any Season,7
8,17883059,phiX_for_spiked_buffers,,ACAACGCAATC,ACAACGCAATC,,,,,,1,0,18515113,1255141,phiX_for_spiked_buffers,,888,1,198,Illumina Controls,888
