[Header],,,,,,,,,,,,,,,,,,,,,,,,,,,,,,,,,,,,,,,,,,,,
Investigator Name,mq1,,,,,,,,,,,,,,,,,,,,,,,,,,,,,,,,,,,,,,,,,,,
Project Name,Kapa HiFi test,,,,,,,,,,,,,,,,,,,,,,,,,,,,,,,,,,,,,,,,,,,
Experiment Name,6946,,,,,,,,,,,,,,,,,,,,,,,,,,,,,,,,,,,,,,,,,,,
Date,2011-10-14T16:32:00,,,,,,,,,,,,,,,,,,,,,,,,,,,,,,,,,,,,,,,,,,,
Workflow,LibraryQC,,,,,,,,,,,,,,,,,,,,,,,,,,,,,,,,,,,,,,,,,,,
Chemistry,Default,,,,,,,,,,,,,,,,,,,,,,,,,,,,,,,,,,,,,,,,,,,
,,,,,,,,,,,,,,,,,,,,,,,,,,,,,,,,,,,,,,,,,,,,
[Reads],,,,,,,,,,,,,,,,,,,,,,,,,,,,,,,,,,,,,,,,,,,,
151,,,,,,,,,,,,,,,,,,,,,,,,,,,,,,,,,,,,,,,,,,,,
151,,,,,,,,,,,,,,,,,,,,,,,,,,,,,,,,,,,,,,,,,,,,
,,,,,,,,,,,,,,,,,,,,,,,,,,,,,,,,,,,,,,,,,,,,
[Settings],,,,,,,,,,,,,,,,,,,,,,,,,,,,,,,,,,,,,,,,,,,,
,,,,,,,,,,,,,,,,,,,,,,,,,,,,,,,,,,,,,,,,,,,,
[Manifests],,,,,,,,,,,,,,,,,,,,,,,,,,,,,,,,,,,,,,,,,,,,
,,,,,,,,,,,,,,,,,,,,,,,,,,,,,,,,,,,,,,,,,,,,
[Data],,,,,,,,,,,,,,,,,,,,,,,,,,,,,,,,,,,,,,,,,,,,
Sample_ID,Sample_Name,GenomeFolder,Index,alignments_in_bam,bait_name,default_library_type,default_tag_sequence,email_addresses,email_addresses_of_followers,email_addresses_of_managers,email_addresses_of_owners,is_control,is_pool,lane_id,lane_priority,library_name,organism,organism_taxon_id,project_cost_code,project_id,project_name,qc_state,request_id,required_insert_size_range,sample_accession_number,sample_common_name,sample_consent_withdrawn,sample_description,sample_id,sample_name,sample_public_name,sample_reference_genome,separate_y_chromosome_data,spiked_phix_tag_index,study_accession_number,study_contains_nonconsented_human,study_contains_nonconsented_xahuman,study_description,study_id,study_name,study_reference_genome,study_title,tag_index,
3789278,Salmonella pullorum,C:\Illumina\MiSeq Reporter\Genomes\WTSI_references\Salmonella_pullorum\449_87\all\fasta\,ATCACGTT,1,,Standard,ATCACGTT,ems@sanger.ac.uk mq1@sanger.ac.uk,,ems@sanger.ac.uk mq1@sanger.ac.uk,mq1@sanger.ac.uk,0,0,,,sp200shear 3789278,Salmonella pullorum,590,S0696,678,MQ R and D,,,from:200 to:700,,Salmonella pullorum,,genomic DNA,1289832,sp200shear,Salmonella pullorum,Salmonella_pullorum (449_87),,,,0,0,- I have agreed to alpha test the kapa hifi qPCR kit. This allows prep PCR to be followed in real time and stopped when sufficient product has accumulated so preventing overcycling and allowing user to interrogate prep PCR step. %09%09%09%09%09%0A- If we are to use this enzyme we need to know that it is at least as good as Phusion in terms of fidelity and coverage.%09%09%09%09%09%0A- In theory kapa hifi has higher fidelity than phusion.%09%09%09%09%09,700,Kapa HiFi test,,hifi test,1,
3789279,Bordetella Pertussis,C:\Illumina\MiSeq Reporter\Genomes\WTSI_references\Bordetella_pertussis\ST24\all\fasta\,CGATGTTT,1,,Standard,CGATGTTT,ems@sanger.ac.uk mq1@sanger.ac.uk,,ems@sanger.ac.uk mq1@sanger.ac.uk,mq1@sanger.ac.uk,0,0,,,bp200shear 3789279,Bordetella Pertussis,520,S0696,678,MQ R and D,,,from:200 to:700,,Bordetella Pertussis,,genomic DNA,1289833,bp200shear,Bordetella Pertussis,Bordetella_pertussis (ST24),,,,0,0,- I have agreed to alpha test the kapa hifi qPCR kit. This allows prep PCR to be followed in real time and stopped when sufficient product has accumulated so preventing overcycling and allowing user to interrogate prep PCR step. %09%09%09%09%09%0A- If we are to use this enzyme we need to know that it is at least as good as Phusion in terms of fidelity and coverage.%09%09%09%09%09%0A- In theory kapa hifi has higher fidelity than phusion.%09%09%09%09%09,700,Kapa HiFi test,,hifi test,2,
3789280,Plasmodium Falciparum,C:\Illumina\MiSeq Reporter\Genomes\WTSI_references\Plasmodium_falciparum\3D7\all\fasta\,TTAGGCAT,1,,Standard,TTAGGCAT,ems@sanger.ac.uk mq1@sanger.ac.uk,,ems@sanger.ac.uk mq1@sanger.ac.uk,mq1@sanger.ac.uk,0,0,,,3D7200shear 3789280,Plasmodium Falciparum,5820,S0696,678,MQ R and D,,,from:200 to:700,,Plasmodium Falciparum,,genomic DNA,1289834,3D7200shear,Plasmodium Falciparum,Plasmodium_falciparum (3D7),,,,0,0,- I have agreed to alpha test the kapa hifi qPCR kit. This allows prep PCR to be followed in real time and stopped when sufficient product has accumulated so preventing overcycling and allowing user to interrogate prep PCR step. %09%09%09%09%09%0A- If we are to use this enzyme we need to know that it is at least as good as Phusion in terms of fidelity and coverage.%09%09%09%09%09%0A- In theory kapa hifi has higher fidelity than phusion.%09%09%09%09%09,700,Kapa HiFi test,,hifi test,3,
3789281,Homo sapiens,C:\Illumina\MiSeq Reporter\Genomes\WTSI_references\Homo_sapiens\GRCh37_53\all\fasta\,TGACCACT,1,,Standard,TGACCACT,ems@sanger.ac.uk mq1@sanger.ac.uk,,ems@sanger.ac.uk mq1@sanger.ac.uk,mq1@sanger.ac.uk,0,0,,,human200shear 3789281,Homo sapiens,9606,S0696,678,MQ R and D,,,from:200 to:700,,Human,,genomic DNA,1289835,human200shear,Homo sapiens,Homo_sapiens (GRCh37_53),,,,0,0,- I have agreed to alpha test the kapa hifi qPCR kit. This allows prep PCR to be followed in real time and stopped when sufficient product has accumulated so preventing overcycling and allowing user to interrogate prep PCR step. %09%09%09%09%09%0A- If we are to use this enzyme we need to know that it is at least as good as Phusion in terms of fidelity and coverage.%09%09%09%09%09%0A- In theory kapa hifi has higher fidelity than phusion.%09%09%09%09%09,700,Kapa HiFi test,,hifi test,4,
3789282,Salmonella pullorum,C:\Illumina\MiSeq Reporter\Genomes\WTSI_references\Salmonella_pullorum\449_87\all\fasta\,ACAGTGGT,1,,Standard,ACAGTGGT,ems@sanger.ac.uk mq1@sanger.ac.uk,,ems@sanger.ac.uk mq1@sanger.ac.uk,mq1@sanger.ac.uk,0,0,,,sp300shear 3789282,Salmonella pullorum,590,S0696,678,MQ R and D,,,from:200 to:700,,Salmonella pullorum,,genomic DNA,1289836,sp300shear,Salmonella pullorum,Salmonella_pullorum (449_87),,,,0,0,- I have agreed to alpha test the kapa hifi qPCR kit. This allows prep PCR to be followed in real time and stopped when sufficient product has accumulated so preventing overcycling and allowing user to interrogate prep PCR step. %09%09%09%09%09%0A- If we are to use this enzyme we need to know that it is at least as good as Phusion in terms of fidelity and coverage.%09%09%09%09%09%0A- In theory kapa hifi has higher fidelity than phusion.%09%09%09%09%09,700,Kapa HiFi test,,hifi test,5,
3789283,Bordetella Pertussis,C:\Illumina\MiSeq Reporter\Genomes\WTSI_references\Bordetella_pertussis\ST24\all\fasta\,GCCAATGT,1,,Standard,GCCAATGT,ems@sanger.ac.uk mq1@sanger.ac.uk,,ems@sanger.ac.uk mq1@sanger.ac.uk,mq1@sanger.ac.uk,0,0,,,bp300shear 3789283,Bordetella Pertussis,520,S0696,678,MQ R and D,,,from:200 to:700,,Bordetella Pertussis,,genomic DNA,1289837,bp300shear,Bordetella Pertussis,Bordetella_pertussis (ST24),,,,0,0,- I have agreed to alpha test the kapa hifi qPCR kit. This allows prep PCR to be followed in real time and stopped when sufficient product has accumulated so preventing overcycling and allowing user to interrogate prep PCR step. %09%09%09%09%09%0A- If we are to use this enzyme we need to know that it is at least as good as Phusion in terms of fidelity and coverage.%09%09%09%09%09%0A- In theory kapa hifi has higher fidelity than phusion.%09%09%09%09%09,700,Kapa HiFi test,,hifi test,6,
3789284,Plasmodium Falciparum,C:\Illumina\MiSeq Reporter\Genomes\WTSI_references\Plasmodium_falciparum\3D7\all\fasta\,CAGATCTG,1,,Standard,CAGATCTG,ems@sanger.ac.uk mq1@sanger.ac.uk,,ems@sanger.ac.uk mq1@sanger.ac.uk,mq1@sanger.ac.uk,0,0,,,3D7300shear 3789284,Plasmodium Falciparum,5820,S0696,678,MQ R and D,,,from:200 to:700,,Plasmodium Falciparum,,genomic DNA,1289838,3D7300shear,Plasmodium Falciparum,Plasmodium_falciparum (3D7),,,,0,0,- I have agreed to alpha test the kapa hifi qPCR kit. This allows prep PCR to be followed in real time and stopped when sufficient product has accumulated so preventing overcycling and allowing user to interrogate prep PCR step. %09%09%09%09%09%0A- If we are to use this enzyme we need to know that it is at least as good as Phusion in terms of fidelity and coverage.%09%09%09%09%09%0A- In theory kapa hifi has higher fidelity than phusion.%09%09%09%09%09,700,Kapa HiFi test,,hifi test,7,
3789285,Homo sapiens,C:\Illumina\MiSeq Reporter\Genomes\WTSI_references\Homo_sapiens\GRCh37_53\all\fasta\,ACTTGATG,1,,Standard,ACTTGATG,ems@sanger.ac.uk mq1@sanger.ac.uk,,ems@sanger.ac.uk mq1@sanger.ac.uk,mq1@sanger.ac.uk,0,0,,,human300shear 3789285,Homo sapiens,9606,S0696,678,MQ R and D,,,from:200 to:700,,Human,,genomic DNA,1289839,human300shear,Homo sapiens,Homo_sapiens (GRCh37_53),,,,0,0,- I have agreed to alpha test the kapa hifi qPCR kit. This allows prep PCR to be followed in real time and stopped when sufficient product has accumulated so preventing overcycling and allowing user to interrogate prep PCR step. %09%09%09%09%09%0A- If we are to use this enzyme we need to know that it is at least as good as Phusion in terms of fidelity and coverage.%09%09%09%09%09%0A- In theory kapa hifi has higher fidelity than phusion.%09%09%09%09%09,700,Kapa HiFi test,,hifi test,8,
3789286,Salmonella pullorum,C:\Illumina\MiSeq Reporter\Genomes\WTSI_references\Salmonella_pullorum\449_87\all\fasta\,GATCAGCG,1,,Standard,GATCAGCG,ems@sanger.ac.uk mq1@sanger.ac.uk,,ems@sanger.ac.uk mq1@sanger.ac.uk,mq1@sanger.ac.uk,0,0,,,sp400shear 3789286,Salmonella pullorum,590,S0696,678,MQ R and D,,,from:200 to:700,,Salmonella pullorum,,genomic DNA,1289840,sp400shear,Salmonella pullorum,Salmonella_pullorum (449_87),,,,0,0,- I have agreed to alpha test the kapa hifi qPCR kit. This allows prep PCR to be followed in real time and stopped when sufficient product has accumulated so preventing overcycling and allowing user to interrogate prep PCR step. %09%09%09%09%09%0A- If we are to use this enzyme we need to know that it is at least as good as Phusion in terms of fidelity and coverage.%09%09%09%09%09%0A- In theory kapa hifi has higher fidelity than phusion.%09%09%09%09%09,700,Kapa HiFi test,,hifi test,9,
3789287,Bordetella Pertussis,C:\Illumina\MiSeq Reporter\Genomes\WTSI_references\Bordetella_pertussis\ST24\all\fasta\,TAGCTTGT,1,,Standard,TAGCTTGT,ems@sanger.ac.uk mq1@sanger.ac.uk,,ems@sanger.ac.uk mq1@sanger.ac.uk,mq1@sanger.ac.uk,0,0,,,bp400shear 3789287,Bordetella Pertussis,520,S0696,678,MQ R and D,,,from:200 to:700,,Bordetella Pertussis,,genomic DNA,1289841,bp400shear,Bordetella Pertussis,Bordetella_pertussis (ST24),,,,0,0,- I have agreed to alpha test the kapa hifi qPCR kit. This allows prep PCR to be followed in real time and stopped when sufficient product has accumulated so preventing overcycling and allowing user to interrogate prep PCR step. %09%09%09%09%09%0A- If we are to use this enzyme we need to know that it is at least as good as Phusion in terms of fidelity and coverage.%09%09%09%09%09%0A- In theory kapa hifi has higher fidelity than phusion.%09%09%09%09%09,700,Kapa HiFi test,,hifi test,10,
3789288,Plasmodium Falciparum,C:\Illumina\MiSeq Reporter\Genomes\WTSI_references\Plasmodium_falciparum\3D7\all\fasta\,GGCTACAG,1,,Standard,GGCTACAG,ems@sanger.ac.uk mq1@sanger.ac.uk,,ems@sanger.ac.uk mq1@sanger.ac.uk,mq1@sanger.ac.uk,0,0,,,3D7400shear 3789288,Plasmodium Falciparum,5820,S0696,678,MQ R and D,,,from:200 to:700,,Plasmodium Falciparum,,genomic DNA,1289842,3D7400shear,Plasmodium Falciparum,Plasmodium_falciparum (3D7),,,,0,0,- I have agreed to alpha test the kapa hifi qPCR kit. This allows prep PCR to be followed in real time and stopped when sufficient product has accumulated so preventing overcycling and allowing user to interrogate prep PCR step. %09%09%09%09%09%0A- If we are to use this enzyme we need to know that it is at least as good as Phusion in terms of fidelity and coverage.%09%09%09%09%09%0A- In theory kapa hifi has higher fidelity than phusion.%09%09%09%09%09,700,Kapa HiFi test,,hifi test,11,
3789289,Homo sapiens,C:\Illumina\MiSeq Reporter\Genomes\WTSI_references\Homo_sapiens\GRCh37_53\all\fasta\,CTTGTACT,1,,Standard,CTTGTACT,ems@sanger.ac.uk mq1@sanger.ac.uk,,ems@sanger.ac.uk mq1@sanger.ac.uk,mq1@sanger.ac.uk,0,0,,,human400shear 3789289,Homo sapiens,9606,S0696,678,MQ R and D,,,from:200 to:700,,Human,,genomic DNA,1289843,human400shear,Homo sapiens,Homo_sapiens (GRCh37_53),,,,0,0,- I have agreed to alpha test the kapa hifi qPCR kit. This allows prep PCR to be followed in real time and stopped when sufficient product has accumulated so preventing overcycling and allowing user to interrogate prep PCR step. %09%09%09%09%09%0A- If we are to use this enzyme we need to know that it is at least as good as Phusion in terms of fidelity and coverage.%09%09%09%09%09%0A- In theory kapa hifi has higher fidelity than phusion.%09%09%09%09%09,700,Kapa HiFi test,,hifi test,12,
