[Header],,,,,
Investigator Name,mq1,,,,
Project Name,MQ R and Tests 2012,,,,
Experiment Name,10262,,,,
Date,2013-07-09T15:01:35,,,,
Workflow,LibraryQC,,,,
Chemistry,Default,,,,
,,,,,
[Reads],,,,,
130,,,,,
130,,,,,
,,,,,
[Settings],,,,,
,,,,,
[Manifests],,,,,
,,,,,
[Data],,,,,
Sample_ID,Sample_Name,GenomeFolder,Index,Index2,
7583411,LIA_1,C:\Illumina\MiSeq Reporter\Genomes\WTSI_references\Anopheles_gambiae\PEST\all\fasta\,ATCACGTT,GCCAATGT,
7583412,LIA_2,C:\Illumina\MiSeq Reporter\Genomes\WTSI_references\Anopheles_gambiae\PEST\all\fasta\,CGATGTTT,ACTTGATG,
7583413,LIA_3,C:\Illumina\MiSeq Reporter\Genomes\WTSI_references\Anopheles_gambiae\PEST\all\fasta\,TTAGGCAT,CTTGTACT,
7583414,LIA_4,C:\Illumina\MiSeq Reporter\Genomes\WTSI_references\Anopheles_gambiae\PEST\all\fasta\,TGACCACT,GCCAATGT,
7583415,LIA_5,C:\Illumina\MiSeq Reporter\Genomes\WTSI_references\Anopheles_gambiae\PEST\all\fasta\,ACAGTGGT,GCCAATGT,
7583416,LIA_6,C:\Illumina\MiSeq Reporter\Genomes\WTSI_references\Anopheles_gambiae\PEST\all\fasta\,GCCAATGT,GCCAATGT,
7583417,LIA_7,C:\Illumina\MiSeq Reporter\Genomes\WTSI_references\Anopheles_gambiae\PEST\all\fasta\,CAGATCTG,GCCAATGT,
7583418,LIA_8,C:\Illumina\MiSeq Reporter\Genomes\WTSI_references\Anopheles_gambiae\PEST\all\fasta\,ACTTGATG,GCCAATGT,
7583419,LIA_9,C:\Illumina\MiSeq Reporter\Genomes\WTSI_references\Anopheles_gambiae\PEST\all\fasta\,GATCAGCG,,
7583422,LIA_12,C:\Illumina\MiSeq Reporter\Genomes\WTSI_references\Anopheles_gambiae\PEST\all\fasta\,CTTGTACT,,
7583423,LIA_13,C:\Illumina\MiSeq Reporter\Genomes\WTSI_references\Anopheles_gambiae\PEST\all\fasta\,TGGTTGTT,,
7583424,LIA_14,C:\Illumina\MiSeq Reporter\Genomes\WTSI_references\Anopheles_gambiae\PEST\all\fasta\,TCTCGGTT,,

